"","Country","Adjusted net enrollment rate, primary (% of primary school age children)","Adolescents out of school (% of lower secondary school age)","Agriculture, forestry, and fishing, value added (% of GDP)","Air transport, freight (million ton-km)","Children out of school, primary","Employment in agriculture (% of total employment) (modeled ILO estimate)","Employment in industry (% of total employment) (modeled ILO estimate)","Employment in services (% of total employment) (modeled ILO estimate)","GDP (current US$)","GDP per capita (current US$)","Imports of goods and services (% of GDP)","Labor force participation rate, total (% of total population ages 15-64) (modeled ILO estimate)","Literacy rate, adult female (% of females ages 15 and above)","Literacy rate, adult male (% of males ages 15 and above)","Literacy rate, adult total (% of people ages 15 and above)","Military expenditure (% of GDP)","Mortality rate, infant, female (per 1,000 live births)","Number of infant deaths","Population, total","Primary completion rate, total (% of relevant age group)","Pupil-teacher ratio, primary","Pupil-teacher ratio, secondary","Services, value added (% of GDP)","Start-up procedures to register a business (number)","Time required to start a business (days)","Unemployment, total (% of total labor force) (modeled ILO estimate)","Urban population (% of total population)","id"
"1","Arab World",85.38422,18.64328,4.42733735543004,31867.6107646217,7170117,21.4369905384039,24.3081121495625,54.2552036992017,2781589257561.09,6626.13535671051,40.8697239535365,50.8506098186079,67.22897,81.35474,74.5966,5.6381017767734,24.0619222543566,277524,419790588,84.96593,20.78495,14.49976,48.7496351380331,7.31818181818182,20.6727272727273,9.93881687368602,58.9254185931391,1
"2","Caribbean small states",88.92917,13.51108,NA,83.2630865024212,65482,11.6681327796482,19.9636546017195,68.3684431364717,72930271172.9642,9910.39788515969,NA,69.8475790464328,NA,NA,NA,1.07494092113343,13.1272267532445,1747,7358965,90.84398,18.92805,15.1103,NA,6.61538461538462,20.8846153846154,8.95764545424302,51.1993615776132,2
"3","Central Europe and the Baltics",91.02484,3.8367,NA,305.88708,363586,10.0353332143335,31.5926041086673,58.37222099696,1631295964301.68,15913.2316756453,62.4728816279989,70.8632727652223,NA,NA,NA,1.64388653213976,3.76368532417758,4214,102511922,99.67159,12.66168,10.02635,NA,5.72727272727273,18,4.3286210213212,62.3320760627627,3
"4","Early-demographic dividend",92.98126,15.9173,9.204102496592,19229.4471435686,19700000,36.525537074546,22.65745917077,40.8169466008654,11638828132484.6,3581.45598277422,29.1815459913054,59.2786484273892,73.60423,84.9596,79.35073,2.34751987454369,26.8472518314236,1872168,3249140605,92.59526,27.85282,21.40841,52.5543743878561,8.34426229508197,32.1885245901639,4.53908073024017,45.1312566986719,4
"5","East Asia & Pacific",95.98306,9.58114,NA,74702.3864146408,5906806,26.3606945194526,26.2382576885047,47.4016081345163,25918289434655.4,11132.2296645573,NA,74.5999351112372,93.93963,97.25485,95.6076,1.66727114712876,11.3,382605,2328220870,97.65145,17.53589,14.75977,NA,6.44827586206897,23.3655172413793,3.86811981432036,59.0527886714373,5
"6","East Asia & Pacific (excluding high income)",96.01509,9.7958,8.05606152321893,31942.4211184368,5526618,29.0275321088566,26.4883080389121,44.4848441471138,16279999801740.6,7820.71227950796,24.1162316492693,74.5995449012492,94.19083,97.51447,95.86556,1.74906647878239,11.7432162760598,378376,2081651801,97.60904,17.66661,14.98305,51.6306152996938,7.7,30.45,3.93829217168956,55.6335882382637,6
"7","East Asia & Pacific (IDA & IBRD countries)",95.99521,9.81455,8.05606152321893,31942.1696251988,5526688,28.5697093660703,26.6285347379442,44.8024503632683,16248767389147.8,7902.8493462945,24.1162316492693,74.4577167371962,94.11664,97.48526,95.81489,1.74906647878239,11.7387866177557,373538,2056064424,97.5613,17.64651,14.95966,51.6306152996938,7.71428571428571,30.3333333333333,3.94764709698904,55.5550920185359,7
"8","Euro area",97.30733,2.86901,1.54352286310218,31429.3273996518,334587,3.10544550648478,23.3410173131994,73.5538673515127,13675599697568.1,40012.5016616692,42.1265133023931,73.1338905920966,NA,NA,NA,1.44799739792433,2.72568118580584,9623,341783171,95.45505,13.203,11.42415,65.6488889562899,5.31578947368421,10.4473684210526,8.2080851104635,76.9917327106284,8
"9","Europe & Central Asia",96.05395,3.44343,1.86992565864516,52988.0601493388,1455945,8.80331160603757,24.6174797830612,66.5793540267825,23041491391744.6,25077.9844815249,40.3505142740774,71.1887024064007,97.88237,98.83254,98.33417,1.70368012721277,6.7,82911,918793590,97.20955,14.86965,11.08115,64.3119589090877,5.34,12.552,6.94375318019942,72.1835105010589,9
"10","Europe & Central Asia (excluding high income)",94.40977,4.26553,4.91754769811463,13063.303711544,943453,15.7011458196793,26.1048154836154,58.1940615797164,3394924024495.23,8125.76906050685,30.4325276854767,67.9768620781762,98.51828,99.54427,99.0011,3.09753685961628,9.81478032345502,67378,417797257,96.83682,18.39211,10.48524,53.5312157732035,5,12.73,7.03970427904415,66.9473805143823,10
"11","Europe & Central Asia (IDA & IBRD countries)",94.65785,4.20303,4.87665328996005,13335.321501544,1013888,15.1330071071389,26.58614811201,58.2808655271571,4041512556263.03,8788.4721703679,33.8914535313462,68.136971968671,98.50061,99.52141,98.98185,2.90840414306081,9.41192475714031,68942,459865205,97.44599,17.06837,10.3459,53.6236937597941,5.13636363636364,14.2772727272727,6.76516512840317,66.2868323125935,11
"12","European Union",96.75901,2.68389,1.43576122318213,37929.0247696518,677962,4.15363008831596,23.8906315697584,71.9559893412791,18756100690153.4,36546.3996894278,41.7959854172367,73.4385537010594,NA,NA,NA,1.49779844747342,2.99955524471943,16648,513213363,97.26261,13.29708,11.79284,65.9960755257414,5.53571428571429,12.9642857142857,6.82769642894128,75.6656484657532,12
"13","Fragile and conflict affected situations",NA,32.60308,14.4078109409832,172.890595209834,16900000,52.8380002770456,12.8467028549983,34.3153718917317,832471154639.994,1615.77136201003,40.3842167920671,60.9874752187307,56.20891,71.53458,63.75516,2.3602024397107,46.0586512956046,838016,515215936,70.16754,30.49175,19.02135,42.8317193530962,7.62857142857143,26.4,5.88346218635619,41.5068290622002,13
"14","Heavily indebted poor countries (HIPC)",80.4261,40.28669,22.4459379161023,NA,23600000,59.1626464509941,11.4690838888688,29.3681230486288,727255209281.288,932.098358760775,34.6160028907118,71.5724246466613,55.48133,69.98758,62.6266,1.26832546669569,43.3566021147696,1306121,780234406,66.56745,39.66142,21.37058,44.7161355951113,7.30769230769231,23.025641025641,3.89073957602488,36.0084652627508,14
"15","High income",96.26165,2.51877,NA,162466.087542422,1329788,2.97086976514023,22.4903940256202,74.5387396994451,54118794268746.9,44714.7410714592,NA,73.2850582110911,NA,NA,NA,2.27686638111524,3.9,52863,1210312147,98.03242,14.03652,12.63098,NA,5.54237288135593,11.8389830508475,5.11390466144194,81.3349783647456,15
"16","IBRD only",96.18396,10.02884,6.99509981779037,56716.7546627353,13400000,28.0674831495721,25.5861184359222,46.3467753976104,30466767138226.6,6383.67595205185,26.3285304687326,65.8590883946682,85.79008,92.28275,89.05044,1.91333306721373,17.98790034602,1445018,4772284113,95.75261,21.996,17.23354,54.1929504562337,7.77272727272727,24.85,5.09467124429549,55.0124279996674,16
"17","IDA & IBRD total",89.76472,17.13199,7.84414460213787,59818.4087852345,5.8e+07,33.2796366682516,23.1439899286939,43.5766293526178,32672447529304.4,5094.78061180173,26.4931717799322,65.7146642162138,80.05061,88.32628,84.19382,1.89758227299339,28.7305904973287,3944191,6412522234,88.64266,25.328,18.02335,53.7866935826719,7.38297872340426,23.8475177304965,4.92161633235406,50.4222017748257,17
"18","IDA blend",71.55632,25.54291,22.0386593761487,772.898323499685,17900000,42.317940805661,17.345861953554,40.3358231594573,991212192923.733,1783.29905551662,NA,59.0438680922876,58.28596,75.69121,67.0462,1.94408308121596,53.6419939350524,1026627,555830605,77.25067,34.26502,18.86477,50.1767244942825,7.05882352941176,19.0823529411765,4.99818675026988,42.3804250236419,18
"19","IDA only",81.83126,34.14684,20.1586696103094,2328.75579899952,26700000,55.2507434469679,13.538209623371,31.2109777679254,1222271018650.91,1127.13255913186,NA,68.4019413842534,59.68649,72.53029,65.99904,1.41167373461111,40.2343130770963,1472546,1084407516,73.55166,35.97722,23.53348,44.4715709122457,7.03448275862069,24.1034482758621,4.01605519366775,34.3159699173835,19
"20","IDA total",78.47108,31.43406,21.1314575513378,3101.65412249921,NA,51.2957405214602,14.7026344215266,34.0014626472854,2214471555511.12,1350.09150632411,NA,65.2183274537095,59.21781,73.61888,66.35453,1.67020606473807,44.8417701843852,2499173,1640238121,74.7889,35.45098,21.68306,47.4253202157361,7.04,22.9653333333333,4.31855147951261,37.0518650600215,20
"21","Late-demographic dividend",96.5026,5.86308,5.6994049757601,72443.525962278,4219114,24.003454337617,26.9055296686135,49.0916491685814,22170288242255.8,9686.99172385768,27.0514181587836,74.5180045505655,94.84279,97.45938,96.1515,2.01178151554387,8.10964572134428,264037,2288665963,96.85427,17.16688,13.50771,54.5505679444098,5.75,12.3208333333333,5.17197095690825,62.4450990246255,21
"22","Latin America & Caribbean",94.936,7.23044,4.55932806017137,6389.27833543366,2266933,14.0150672438398,20.9941601566077,64.9908138147398,5787292630122.98,9023.50482339477,23.8561387196186,69.2461935015694,93.44784,94.30852,93.86706,1.25503292524738,12.5,146715,641357515,98.59721,21.30215,16.4962,60.2814439571106,8.09090909090909,28.7575757575758,8.05464509503351,80.5832909863671,22
"23","Latin America & Caribbean (excluding high income)",95.1471,7.19625,4.69446096722752,5073.61558901022,2060138,14.2885795717108,20.9656135290237,64.7458213547866,5193396903833.44,8527.55021502256,23.3374537045502,69.3012781911311,92.8302,93.81777,93.31166,1.22562420871461,12.664038409147,143549,609013934,98.83801,21.57,16.60104,60.5344839772872,8.625,34.8541666666667,8.10562742524123,80.4016255969999,23
"24","Latin America & the Caribbean (IDA & IBRD countries)",94.98276,7.18329,4.61591163511171,6371.35755579719,2187793,13.9986378907813,21.0863363732213,64.9150685963558,5555732855564.57,8881.07710477437,23.5342847332252,69.4268352026237,93.32517,94.20759,93.75496,1.25503292524738,12.5730314462126,146205,625569713,98.87007,21.69085,16.65098,60.438011880635,8.23333333333333,30.2,8.13604172842177,80.6014123164288,24
"25","Least developed countries: UN classification",81.11042,34.23471,20.7850408407443,2390.32345859472,26600000,56.9609701393675,13.0307715950935,30.0081938888054,1053134397080.74,1043.05578915963,NA,69.5811089070146,58.09787,71.79852,64.81693,1.52316617242552,41.3026319512603,1432120,1009662578,71.65654,37.15033,24.74825,44.4284214752612,7.41304347826087,27,3.94344779668272,33.568060082099,25
"26","Low & middle income",89.76124,17.1466,7.9290086346122,58241.1075216856,57800000,33.6800788125442,23.0481823663902,43.2719927783464,31716818519203.7,4967.88274412038,25.7058028599362,65.7412704022437,79.81951,88.21015,84.02266,1.90186376844741,28.7916022377837,3947249,6383958209,88.60169,25.44687,18.11664,53.6896916653882,7.43181818181818,24.3712121212121,4.91605348589045,50.3278442398155,26
"27","Low income",80.48845,38.52628,NA,2162.69315571841,20800000,62.8478035419778,11.3745180933791,25.7775296242927,573349332215.685,812.780343134905,NA,72.9863146854711,55.61861,71.1114,63.18397,1.17700731358051,43.4,1149973,705417321,67.34856,39.82732,22.09153,NA,7.2,24.0333333333333,3.56604667603989,32.5722038899212,27
"28","Lower middle income",88.88351,17.01694,14.8514872211442,6704.01368801301,30400000,39.8376251612232,21.9319565258585,38.2303504299968,6707523521117.74,2218.89974912334,29.8560667864232,59.0478336235573,70.9349,83.38948,77.24338,1.90722227841834,34.3,2391445,3022905169,90.76579,28.87235,22.34035,49.0437908436692,7.78723404255319,23.9553191489362,3.95990504507823,40.5078897764183,28
"29","Middle East & North Africa",94.94395,11.25865,NA,33158.0339626912,2285405,16.9421262146263,26.6897197863208,56.3684397865197,3616868655711.47,8056.95043748228,NA,50.7770188074887,72.33609,85.0673,78.96279,5.46696843422857,16.8,185176,448912859,91.32697,21.32469,14.91591,NA,7.19047619047619,20.3714285714286,9.81774053289957,65.3719743231147,29
"30","Middle East & North Africa (excluding high income)",94.73726,12.50963,NA,1119.49211669117,2156584,21.0834270867505,26.7177692971079,52.1991528896943,NA,NA,NA,47.2745709658991,69.41151,82.49586,75.9596,3.07544735423092,18.1346114175969,178812,382896715,90.36671,23.02361,16.20428,NA,7.76923076923077,24.8076923076923,11.4829783845861,61.5905475175283,30
"31","Middle East & North Africa (IDA & IBRD countries)",94.71022,12.77342,NA,1119.49211669117,2143570,21.2073665213571,26.6802024216301,52.1127833199694,NA,NA,NA,47.2719478523254,69.12166,82.31167,75.72189,3.07544735423092,18.1719505914702,176352,378327628,90.25497,23.00915,16.17787,NA,7.58333333333333,23.25,11.2787680395122,61.4145429982846,31
"32","Middle income",91.71578,13.17839,7.76617637675547,56078.4143659672,3.7e+07,30.2766319415254,24.4103282489318,45.3133407557473,31143015141249.8,5483.97202284359,25.5732714165981,65.0000499487387,82.35504,89.90774,86.14847,1.91183053718528,25.3389562503302,2797276,5678540888,92.47109,23.67467,17.83669,53.8665036559116,7.5,24.4705882352941,5.07112116623189,52.5342574698536,32
"33","North America",95.91021,0.38385,NA,46419.368216,101223,1.43151129898339,19.4389395252513,79.1295487667638,22213254904898.5,60976.8019239716,NA,72.933712621639,NA,NA,NA,3.01555298920133,5,23551,364290258,98.74613,14.42524,14.93963,NA,4,3.55,4.15109957648244,82.1731548388538,33
"34","Not classified",NA,NA,NA,NA,NA,NA,NA,NA,NA,NA,NA,NA,NA,NA,NA,NA,NA,NA,NA,NA,NA,NA,NA,NA,NA,NA,NA,34
"35","OECD members",96.6326,3.55345,NA,120331.295618453,1488640,4.54901587428365,22.6720084226836,72.7789767989565,52610141097058.8,40359.7639124304,NA,71.8678664300018,NA,NA,NA,2.13093470414802,4.98963140888474,81193,1303529456,98.26621,15.32034,13.67666,NA,5.13888888888889,9.65555555555556,5.31584255736744,80.5933075710504,35
"36","Other small states",85.59986,NA,1.39239004956091,NA,466992,22.8990154365769,24.2455935927834,52.8553796669223,451603892664.321,14682.013529909,NA,68.3742311433141,81.74337,86.92557,84.52881,NA,32.6594680416438,25547,30758989,84.58244,22.81707,13.96217,51.6873741634437,7.46153846153846,18.1346153846154,9.72476632363278,62.1180381474502,36
"37","Pacific island small states",84.93737,NA,NA,120.407536581,14545,48.1544770725632,11.6427482561174,40.2028230697156,10302802236.0798,4192.61845547684,NA,62.8900114704924,NA,NA,NA,NA,18.6047123553686,1310,2457367,97.64583,23.07468,NA,NA,6.66666666666667,20.4444444444444,3.59773651253737,38.7813441179116,37
"38","Post-demographic dividend",96.26935,2.50111,NA,128468.593880399,1101973,3.18142820390394,21.8325202037794,74.9860421403303,50027698383141,45070.1092696658,NA,73.5768926996782,NA,NA,NA,2.17577032286467,3.7216394774651,45738,1109997273,97.98898,14.12635,12.57776,NA,5.47222222222222,11.6166666666667,5.3545643899063,81.2806947844979,38
"39","Pre-demographic dividend",NA,35.96733,18.6658313535974,557.554257035541,34200000,54.2361313313756,10.9203563954608,34.8435730098829,1312964898976.3,1427.93448267025,NA,65.490239687154,54.83552,70.6175,62.64361,1.41084516028289,49.7761972388993,1817910,919485393,68.40105,35.41248,20.52323,46.3224704443444,7.32432432432432,21.2405405405405,5.10992408180378,41.2269515142477,39
"40","Small states",86.06507,NA,1.70482360091984,NA,547019,22.0123572518186,22.814499296182,55.1731809110376,535696447679.29,13202.5190307007,NA,68.3725898975278,84.50717,87.73817,86.20175,NA,29.1485012047214,28604,40575321,86.57324,22.18372,14.52619,52.6646982077127,7.08333333333333,19.3125,9.29649864018643,58.7244240705329,40
"41","South Asia",91.67923,15.50897,15.0679584721056,3464.16613654989,12500000,43.558836602586,23.7777732810976,32.663286511022,3457801122272.87,1905.76640960073,23.3870023157578,55.7396214726232,63.72935,80.31286,72.25239,2.45107801830611,33.2,1207307,1814388744,91.87583,33.24669,27.19053,49.8922633564217,7.75,14.0625,2.7497315736299,33.9923612456427,41
"42","South Asia (IDA & IBRD)",91.67923,15.50897,15.0679584721056,3464.16613654989,12500000,43.558836602586,23.7777732810976,32.663286511022,3457801122272.87,1905.76640960073,23.3870023157578,55.7396214726232,63.72935,80.31286,72.25239,2.45107801830611,33.2019445350304,1207307,1814388744,91.87583,33.24669,27.19053,49.8922633564217,7.75,14.0625,2.7497315736299,33.9923612456427,42
"43","Sub-Saharan Africa",78.37222,37.02684,15.2000968550808,3585.90184945353,34700000,54.6450822477889,11.2583533909583,34.0964838960572,1699461795349.79,1574.19787081992,NA,68.1935925480203,58.80101,72.54938,65.57706,1.10303913970612,47.5,1971847,1078306520,68.78364,37.36194,21.60546,52.3736903606667,7.625,23.20625,6.09492677094965,40.1768233729515,43
"44","Sub-Saharan Africa (excluding high income)",78.37147,37.02855,15.2131743373979,3578.10884945353,34700000,54.6450822477889,11.2583533909583,34.0964838960572,1697871240842.69,1572.86396034076,NA,68.1935925480203,58.7967,72.54654,65.57343,1.10271431916093,47.5213609954055,1971827,1078209758,68.78184,37.36509,21.60801,52.3557795392501,7.59574468085106,23.0191489361702,6.09492677094965,40.175341337803,44
"45","Sub-Saharan Africa (IDA & IBRD countries)",78.37222,37.02684,15.2000968550808,3585.90184945353,34700000,54.6450822477889,11.2583533909583,34.0964838960572,1699461795349.79,1574.19787081992,NA,68.1935925480203,58.80101,72.54938,65.57706,1.10303913970612,47.5198347571153,1971847,1078306520,68.78364,37.36194,21.60546,52.3736903606667,7.625,23.20625,6.09492677094965,40.1768233729515,45
"46","Upper middle income",96.12099,7.23975,5.71994500351568,49374.4006779541,6570046,21.6811216190344,26.6384304177272,51.6810804936714,24435128586598.2,9200.4539541089,24.4353521370405,71.2982382604477,93.74047,96.63746,95.18383,1.91315470989027,9.9,405831,2655635719,95.28345,18.39381,14.16773,55.2593609997014,7.25454545454545,24.9109090909091,6.04840494401869,66.2333682980853,46
"47","World",90.45493,15.55311,NA,220707.195064108,59100000,28.2649635947778,22.9498246350747,48.7854215612607,85804390603622,11298.3037067153,NA,66.9467679431427,82.76805,89.83819,86.30101,2.14029251293419,26.7,4000115,7594270356,89.58919,23.44631,16.9982,NA,6.84816753926702,20.5,4.95100166988832,55.2705785486132,47
"48","Afghanistan",NA,NA,NA,29.5593487980126,NA,38.5880012512207,17.5960006713867,43.8160018920898,19362969582.3643,520.896602719135,NA,67.6869964599609,29.80521,55.47545,43.01972,0.984560504130132,44.5,57182,37172386,NA,NA,NA,NA,4,8.5,1.54200005531311,25.495,48
"49","Albania",97.44221,3.0568,18.3949039953239,NA,4085,37.9970016479492,19.3409996032715,42.6619987487793,15058879128.6536,5253.63006411357,45.528601033414,65.4759979248047,97.76112,98.51362,98.14115,1.17890055828841,7.2,268,2866376,101.5379,17.57287,11.19927,47.9072640375134,5,4.5,13.8979997634888,60.319,49
"50","Algeria",99.6475,NA,NA,28.28048,14211,9.29599952697754,30.7250003814697,59.9799995422363,180689115940.685,4278.85005953418,NA,45.1220016479492,75.32297,87.42296,81.40784,5.27141404556567,18.7,20591,42228429,105.144,24.32018,NA,NA,12,18,12.1450004577637,72.629,50
"51","American Samoa",NA,NA,NA,NA,NA,NA,NA,NA,NA,NA,NA,NA,NA,NA,NA,NA,NA,NA,55465,NA,NA,NA,NA,NA,NA,NA,87.153,51
"52","Andorra",NA,NA,NA,NA,NA,NA,NA,NA,3236543909.34844,42029.7627372989,NA,NA,NA,NA,NA,NA,2.5,2,77006,NA,10.49757,8.01599,NA,NA,NA,NA,88.062,52
"53","Angola",NA,NA,NA,78.15964,NA,49.056999206543,8.26799964904785,42.6759986877441,105750987618.63,3432.38573600893,NA,78.1940002441406,NA,NA,NA,1.77713755353982,46.2,63667,30809762,NA,NA,NA,NA,8,36,7.25299978256226,65.514,53
"54","Antigua and Barbuda",99.3101,1.43781,1.7147182433513,0.29449120996578,66,NA,NA,NA,1623804016.2963,16864.3833609901,NA,NA,NA,NA,NA,NA,4.6,7,96286,96.19883,12.40564,9.29704,68.003233812076,9,22,NA,24.599,54
"55","Argentina",NA,NA,6.14020587171811,311.57348,NA,0.0579999983310699,22.4039993286133,77.5370025634766,518475134084.357,11652.5662897487,16.3646627378331,68.4100036621094,99.06204,98.93774,99.00387,0.854560979237316,8,6673,44494502,NA,NA,NA,55.6311143484606,11,11,9.48299980163574,91.87,55
"56","Armenia",90.843,8.21479,13.6958608277246,NA,11426,33.2919998168945,15.7580003738403,50.9500007629395,12433089919.0459,4212.07094272937,52.8905290691526,64.8030014038086,NA,NA,NA,4.77833758658911,9.8,458,2951776,89.87896,15.41859,8.01689,52.6201719846807,3,4,17.7119998931885,63.149,56
"57","Aruba",NA,NA,NA,NA,NA,NA,NA,NA,NA,NA,NA,NA,97.81268,97.80013,97.80742,NA,NA,NA,105845,NA,NA,NA,NA,NA,NA,NA,43.411,57
"58","Australia",NA,NA,2.59715588509884,2027.63710989603,NA,2.56900000572205,19.3799991607666,78.0510025024414,1432195178668.32,57305.2990162045,21.3173853626855,77.5579986572266,NA,NA,NA,1.89155976713945,2.8,988,24992369,NA,NA,NA,66.6386133925068,3,2.5,5.38700008392334,86.012,58
"59","Austria",NA,NA,1.17481807919122,373.511,NA,3.8970000743866,24.6749992370605,71.4290008544922,455736580716.185,51512.9054751534,50.9519706894039,76.3190002441406,NA,NA,NA,0.735992539307036,2.6,253,8847037,NA,NA,NA,62.7064090277332,8,21,4.78599977493286,58.297,59
"60","Azerbaijan",92.61575,0.52151,5.25093612307199,44.0886,24803,36.1259994506836,14.4060001373291,49.4679985046387,46939529411.7647,4721.17808673142,37.7191179640388,71.6790008544922,NA,NA,NA,3.77369409189023,17.2,3236,9942334,100.2199,15.42982,7.60984,35.235246349496,3,3.5,5.21999979019165,55.68,60
"61","Bahamas, The",NA,NA,NA,0.160852303475506,NA,2.61299991607666,16.0790004730225,81.306999206543,NA,NA,NA,81.8160018920898,NA,NA,NA,NA,7.7,45,385640,NA,NA,NA,NA,7,21.5,11.8500003814697,83.025,61
"62","Bahrain",98.10484,4.74,0.288531252620209,420.98375,1188,1.03699994087219,35.2550010681152,63.7080001831055,37746196808.5106,24050.7575053956,71.1162248979572,74.3119964599609,94.94888,98.76317,97.46419,3.5954853914713,5.9,132,1569439,97.87412,11.92315,10.23948,55.3037962821392,6,8.3,0.962000012397766,89.287,62
"63","Bangladesh",NA,NA,13.0743171021391,63.8181519848784,NA,40.1500015258789,20.4720001220703,39.3779983520508,274024958965.892,1698.26280233547,23.4439348097981,61.0919990539551,71.18194,76.66926,73.9122,1.36491749632018,23.3,73697,161356039,NA,30.05459,35.09524,52.9649395131073,9,19.5,4.30800008773804,36.632,63
"64","Barbados",98.38821,3.83275,NA,NA,328,2.79500007629395,19.2280006408691,77.9769973754883,NA,NA,NA,77.5899963378906,NA,NA,NA,NA,10.2,34,286641,88.74687,13.9917,17.93859,NA,7,16,9.56799983978271,31.147,64
"65","Belarus",95.20914,1.05734,6.40224466411063,1.9004,5544,10.58899974823,30.7560005187988,58.6549987792969,59662495092.2654,6289.93855308212,69.1440943074798,77.4280014038086,99.72518,99.79398,99.75656,1.26544717212154,2.3,288,9485386,104.6179,19.23259,8.56276,47.7229672537989,4,9,5.70800018310547,78.595,65
"66","Belgium",NA,NA,0.686539593172739,1285.344187,NA,1.15199995040894,20.613000869751,78.2360000610352,531766935070.733,46556.0995671478,87.7158712975219,68.1159973144531,NA,NA,NA,0.925790634519833,2.6,365,11422068,NA,NA,NA,68.8300281217308,5,4.5,6.32299995422363,98.001,66
"67","Belize",99.01278,10.11157,NA,3.78245191142741,302,17.5849990844727,14.6499996185303,67.765998840332,1.925e+09,5025.17810014332,NA,69.5100021362305,NA,NA,NA,1.26245619249627,10.1,89,383071,104.4745,19.78332,16.72317,NA,9,48,9.36800003051758,45.724,67
"68","Benin",97.21103,NA,22.6444101837928,NA,50858,41.4010009765625,19.4039993286133,39.1959991455078,10358985583.235,901.954052193336,44.1906620897664,72.0879974365234,31.07165,53.97703,42.3624,0.863004044861682,54.7,24767,11485048,NA,39.19712,NA,46.1982544673123,6,8.5,2.125,47.312,68
"69","Bermuda",NA,NA,NA,NA,NA,NA,NA,NA,NA,NA,NA,NA,NA,NA,NA,NA,NA,NA,63968,NA,NA,NA,NA,NA,NA,NA,100,69
"70","Bhutan",90.06547,12.01717,NA,0.690916,7456,56.7550010681152,9.77999973297119,33.4650001525879,2534965162.78084,3360.26686689029,NA,69.3499984741211,NA,NA,NA,NA,22.4,321,754394,NA,34.66868,10.81456,NA,8,12,2.19700002670288,40.895,70
"71","Bolivia",NA,NA,11.4819240218727,13.7284774028928,NA,28.0729999542236,21.6840000152588,50.242000579834,40287647756.8741,3548.59013979338,31.1211697950131,69.5350036621094,NA,NA,NA,1.49655017525489,19.5,5376,11353142,NA,NA,NA,49.0940955763533,12,39.5,3.25799989700317,69.425,71
"72","Bosnia and Herzegovina",NA,NA,5.99520666092244,NA,NA,16.5030002593994,29.7970008850098,53.7000007629395,19781776101.3881,5951.32329883943,56.8526752203272,57.2970008850098,NA,NA,NA,1.11191310643257,4.5,138,3323929,NA,16.92651,9.1229,55.6465456843642,13,80,20.8390007019043,48.245,72
"73","Botswana",NA,NA,1.9983830914554,0.113606,NA,22.9519996643066,18.0639991760254,58.984001159668,18616018903.4434,8258.64166574691,37.2919151939369,74.5859985351563,NA,NA,NA,2.78232195396813,26.9,1676,2254126,NA,NA,NA,59.5228803092667,9,48,17.9409999847412,69.446,73
"74","Brazil",NA,NA,4.36127937311958,1845.647756087,NA,9.39200019836426,20.4290008544922,70.1790008544922,1868626087908.48,8920.76210462979,14.2767138487893,70.2689971923828,93.42507,93.00904,93.2275,1.47490154739588,11.2,37421,209469333,NA,NA,NA,62.6304268785483,11,20.1,12.543999671936,86.569,74
"75","British Virgin Islands",NA,NA,NA,NA,NA,NA,NA,NA,NA,NA,NA,NA,NA,NA,NA,NA,NA,NA,29802,NA,NA,NA,NA,NA,NA,NA,47.723,75
"76","Brunei Darussalam",96.07682,0.3205,1.01764171259276,129.352,295,1.33800005912781,16.0540008544922,82.6070022583008,13567099497.8279,31627.7420793167,41.9648218892735,69.0380020141602,96.30126,98.05362,97.21411,2.37009896668375,9,63,428962,107.9787,9.89521,8.26843,37.337569623428,3,5.5,9.22399997711182,77.629,76
"77","Bulgaria",NA,NA,3.6476155266652,1.37521,NA,6.94399976730347,29.7870006561279,63.2700004577637,65132951116.4756,9272.62930360848,63.6470781179205,71.6470031738281,NA,NA,NA,1.68843232372019,5.3,374,7024216,NA,NA,NA,59.2423648579156,7,23,5.26100015640259,75.008,77
"78","Burkina Faso",79.34168,43.84543,28.6017730066199,0.104614,689266,28.6889991760254,32.9669990539551,38.3440017700195,14441763758.6919,731.171716967411,34.8759763018378,67.9619979858398,32.68762,50.07459,41.22445,2.05918567597085,44.6,36195,19751535,65.47893,39.72173,23.11995,43.1849013107097,3,13,6.05900001525879,29.358,78
"79","Burundi",93.4166,32.79,NA,NA,114262,91.9570007324219,2.08599996566772,5.95699977874756,3078029929.10347,275.429603285318,NA,79.8880004882813,NA,NA,NA,1.88216147085139,36.5,17644,11175378,63.02139,42.52383,26.59842,NA,4,5,1.52799999713898,13.032,79
"80","Cabo Verde",93.52897,13.46474,4.72527236551197,NA,3973,13.4449996948242,21.9389991760254,64.6149978637695,1986928611.73543,3654.00734457117,67.7298063778811,73.0540008544922,NA,NA,NA,0.553854417749715,15,177,543767,87.29021,21.07361,15.42052,61.0972691770623,9,18,12.2760000228882,65.732,80
"81","Cambodia",90.69029,NA,22.0129559006773,0.67645,186109,30.4349994659424,26.8810005187988,42.685001373291,24571753583.4922,1512.12670972847,63.3028853207448,82.8450012207031,NA,NA,NA,2.20647137386887,21,8754,16249798,87.99948,41.7035,NA,39.4920662589441,9,99,1.04799997806549,23.388,81
"82","Cameroon",NA,NA,14.2840671369042,0.066817,NA,46.306999206543,14.1280002593994,39.564998626709,38502059858.4389,1526.87571339209,22.7701077009648,77.1729965209961,71.58627,82.62804,77.07104,1.25032908627177,45.6,44517,25216237,64.47068,44.83412,NA,51.8435447657256,6,13.5,3.36100006103516,56.374,82
"83","Canada",NA,NA,NA,3434.073,NA,1.50199997425079,19.4549999237061,79.0429992675781,1712510030034.05,46210.5476227883,33.9336322886122,78.5309982299805,NA,NA,NA,1.25262923236361,4,1678,37058856,NA,NA,NA,NA,2,1.5,5.92000007629395,81.411,83
"84","Cayman Islands",NA,NA,NA,NA,NA,NA,NA,NA,NA,NA,NA,NA,NA,NA,NA,NA,NA,NA,64174,NA,15.74725,10.9653,NA,NA,NA,NA,100,84
"85","Central African Republic",NA,NA,NA,NA,NA,72.7990036010742,9.1569995880127,18.0429992675781,2379716827.4977,509.970974805014,NA,72.8410034179688,25.75638,49.51459,37.39582,1.40860967195269,77.3,13800,4666377,NA,NA,NA,NA,10,22,6.48299980163574,41.364,85
"86","Chad",NA,NA,44.821474202061,NA,NA,81.6080017089844,3.05200004577637,15.3409996032715,11302544204.9904,730.244607565426,37.7824593263042,71.4260025024414,NA,NA,NA,2.1295595384847,64.7,45723,15477751,NA,NA,NA,37.5543896099761,8,58,2.22900009155273,23.059,86
"87","Channel Islands",NA,NA,NA,NA,NA,4.3270001411438,24.4969997406006,71.1760025024414,NA,NA,NA,71.7990036010742,NA,NA,NA,NA,NA,NA,170499,NA,NA,NA,NA,NA,NA,7.28800010681152,30.914,87
"88","Chile",NA,NA,3.64278384081156,1226.44198991,NA,9.15200042724609,22.746000289917,68.1029968261719,298231139609.448,15923.3590619893,28.7191327028569,68.7750015258789,NA,NA,NA,1.88738394618685,5.6,1431,18729160,NA,NA,NA,57.8851079010261,7,6,7.22300004959106,87.564,88
"89","China",NA,NA,7.19019403882776,25256.2071,NA,26.7700004577637,28.6200008392334,44.6110000610352,13608151864637.9,9770.84708783314,18.7313138032856,76.2210006713867,95.15933,98.46654,96.84089,1.86593660065812,6.9,124632,1392730000,NA,16.42675,13.25879,52.1570193361283,4,8.5,4.41699981689453,59.152,89
"90","Colombia",97.75807,5.91927,6.2748492826099,1349.446351,84250,16.367000579834,19.3799991607666,64.2529983520508,330227866233.324,6651.29129267621,20.894911412604,74.6399993896484,95.31892,94.85183,95.09251,3.17256021574562,10.8,9002,49648685,106.4633,NA,NA,57.7945206154011,8,11,9.0930004119873,80.778,90
"91","Comoros",NA,NA,NA,NA,NA,56.8839988708496,13.9809999465942,29.1340007781982,1203080507.99878,1445.45080869998,NA,44.7890014648438,52.95639,64.6442,58.81702,NA,46.4,1344,832322,NA,NA,NA,NA,9,16,3.71000003814697,28.965,91
"92","Congo, Dem. Rep.",NA,NA,19.1103383729504,0.893,NA,68.6490020751953,10.4729995727539,20.8780002593994,47227535290.9405,561.777182390647,37.3422312884117,64.109001159668,NA,NA,NA,0.668776974818973,62,231546,84068091,NA,NA,NA,32.689550462535,4,7,4.15500020980835,44.46,92
"93","Congo, Rep.",NA,NA,7.12133854688689,4.59716061898045,NA,35.8429985046387,22.2600002288818,41.8969993591309,11263682694.0393,2147.76946104594,56.0218574027979,70.4459991455078,74.61876,86.07651,80.29876,2.54695464012207,32.4,6180,5244363,NA,NA,NA,39.9582363599475,11,49.5,10.3819999694824,66.916,93
"94","Costa Rica",97.40817,3.75211,4.58090058825598,11.13032,509,12.4549999237061,18.4090003967285,69.1350021362305,60126014828.5951,12026.5475337333,33.0870972436044,66.5810012817383,97.92443,97.80235,97.86379,0,6.9,532,4999441,98.59437,12.2047,12.42779,68.3069741596966,10,23,8.12800025939941,79.34,94
"95","Cote d'Ivoire",93.69235,45.98387,19.769318397967,5.79997798442412,241575,47.9959983825684,6.24399995803833,45.7610015869141,43007045466.3406,1715.53123817013,29.2470562631073,58.2140007019043,40.49937,53.65694,47.16535,1.35765671954873,52.3,52312,25069229,NA,41.8223,27.28114,32.6083340873151,4,6,2.48000001907349,50.779,95
"96","Croatia",NA,NA,2.92907203645543,0.52979,NA,6.91400003433228,26.2689990997314,66.8170013427734,60805659436.216,14869.0906823045,49.8604065570929,66.8479995727539,NA,NA,NA,1.46505417870661,3.6,147,4089400,NA,NA,NA,58.0279240977141,8,22.5,8.85000038146973,56.947,96
"97","Cuba",97.84442,5.49462,NA,17.759927333,15680,18.2649993896484,16.8209991455078,64.9140014648438,NA,NA,NA,64.0820007324219,NA,NA,NA,NA,3.3,431,11338138,84.13141,9.16029,9.63133,NA,NA,NA,2.26399993896484,77.037,97
"98","Curacao",NA,NA,NA,NA,NA,NA,NA,NA,NA,NA,NA,NA,NA,NA,NA,NA,NA,NA,159849,NA,NA,NA,NA,NA,NA,NA,89.145,98
"99","Cyprus",NA,NA,1.71917697537728,0.021,NA,2.49699997901917,16.9990005493164,80.5039978027344,24469841831.9169,28159.3016999455,66.0040471085363,72.9580001831055,NA,NA,NA,1.57216193491902,1.7,23,1189265,NA,NA,NA,72.5851520801125,5,6,8.10900020599365,66.81,99
"100","Czech Republic",NA,NA,1.96611280194297,25.22637,NA,2.77699995040894,37.8600006103516,59.3639984130859,245225882903.37,23078.5734865691,72.0030708959607,76.3550033569336,NA,NA,NA,1.12360570947245,2.3,295,10625695,NA,NA,NA,55.8104939668642,9,24.5,2.3970000743866,73.792,100
"101","Denmark",NA,NA,1.02237606006189,NA,NA,2.18799996376038,18.6310005187988,79.1809997558594,352058410508.345,60726.4665351509,49.5373910883939,78.8440017700195,NA,NA,NA,1.18141520744533,3.3,220,5797446,NA,NA,NA,64.9849015681874,5,3.5,4.97499990463257,87.874,101
"102","Djibouti",62.10696,NA,2.28763328739787,NA,33948,49.8790016174316,8.09799957275391,42.0229988098145,1965982321.62953,2050.20473202095,82.2899174226038,66.3560028076172,NA,NA,NA,NA,45.1,1019,958920,66.38029,29.37453,25.41709,71.7126481515895,6,14,11.1219997406006,77.777,102
"103","Dominica",NA,NA,12.6701520497814,NA,NA,NA,NA,NA,503646211.111111,7031.70975373279,71.2023696645905,NA,NA,NA,NA,NA,30.4,31,71625,NA,NA,NA,55.1102336482127,5,12,NA,70.483,103
"104","Dominican Republic",NA,NA,5.49400694722529,NA,NA,9.47700023651123,19.3819999694824,71.140998840332,81298585403.3004,7650.07275254505,29.9516419614667,68.0770034790039,NA,NA,NA,0.743856125335593,21.7,4989,10627165,NA,NA,NA,58.8957866055527,7,16.5,5.8289999961853,81.074,104
"105","Ecuador",NA,NA,9.2438990004784,64.20469,NA,27.4769992828369,18.5429992675781,53.9809989929199,108398058000,6344.87197850057,23.0467920375474,72.2129974365234,NA,NA,NA,2.3767115146098,10.7,4106,17084357,NA,NA,NA,51.623515247847,11,48.5,3.91000008583069,63.821,105
"106","Egypt, Arab Rep.",98.45783,4.20091,11.225001126786,437.625328,77552,24.8680000305176,26.5790004730225,48.5540008544922,250895469644.498,2549.13945832295,29.3662955784919,51.1469993591309,NA,NA,NA,1.24706923983941,16.8,46849,98423595,100.6852,23.67945,15.16281,51.358477937531,6,11.5,11.4359998703003,42.704,106
"107","El Salvador",NA,NA,4.87681789311489,10.73322,NA,18.5310001373291,21.7269992828369,59.742000579834,26056950000,4058.24465202163,48.6180462410221,65.0339965820313,NA,NA,NA,1.03057541489324,10.5,1378,6420744,NA,NA,NA,60.3415595455339,9,16.5,4.3899998664856,72.023,107
"108","Equatorial Guinea",NA,NA,2.33699197510665,0.349226981434267,NA,41.3629989624023,16.4969997406006,42.1399993896484,13317453070.3876,10173.963020188,40.8053850941157,63.5349998474121,NA,NA,NA,NA,56.5,2668,1308974,NA,NA,NA,40.5021954240111,16,33,9.16199970245361,72.143,108
"109","Eritrea",NA,NA,NA,NA,NA,62.6980018615723,8.27000045776367,29.0319995880127,NA,NA,NA,82.3929977416992,68.94619,84.37324,76.57052,NA,26.7,3291,NA,NA,NA,NA,NA,13,84,6.54300022125244,NA,109
"110","Estonia",NA,NA,2.23011103655604,NA,NA,3.49000000953674,29.8010005950928,66.7089996337891,30284890757.0585,22927.7444174193,71.7202959306144,78.8550033569336,NA,NA,NA,2.05854468149193,1.9,28,1320884,NA,NA,NA,59.9129509825891,3,3.5,5.50799989700317,68.88,110
"111","Eswatini",NA,NA,8.635440874289,NA,NA,13.0430002212524,24.42799949646,62.5279998779297,4703787506.89153,4139.96194908385,NA,55.3860015869141,88.54269,88.28758,88.41938,1.50006194948238,38.3,1284,1136191,NA,NA,NA,52.7621383447453,12,30,22.4769992828369,23.799,111
"112","Ethiopia",NA,NA,31.0866693334871,2089.27754,NA,66.2030029296875,11.9989995956421,21.7970008850098,84355462494.0837,772.312227821251,22.798726646213,82.3550033569336,NA,NA,NA,0.641920292772261,33.6,136664,109224559,NA,NA,NA,36.5226710461852,11,32,1.80900001525879,20.763,112
"113","Faroe Islands",NA,NA,NA,NA,NA,NA,NA,NA,NA,NA,NA,NA,NA,NA,NA,NA,NA,NA,48497,NA,NA,NA,NA,NA,NA,NA,42.064,113
"114","Fiji",NA,NA,10.3832645525134,106.8282,NA,39.4490013122559,13.0830001831055,47.4679985046387,5479504926.19335,6202.16226706496,NA,60.3530006408691,NA,NA,NA,0.922839461596508,19.7,408,883483,NA,NA,NA,53.9648088883644,11,40,4.15199995040894,56.248,114
"115","Finland",NA,NA,2.45157176340825,957.63859,NA,3.72699999809265,21.9699993133545,74.3030014038086,273960969999.218,49648.1492554831,39.8145594926237,76.7379989624023,NA,NA,NA,1.39852042457382,1.2,71,5518050,NA,NA,NA,59.1759444367848,3,17,7.75500011444092,85.382,115
"116","France",NA,NA,1.62212240075815,4443.789,NA,2.6029999256134,20.3190002441406,77.0780029296875,2777535239277.98,41463.6440227034,32.1109689812119,71.6669998168945,NA,NA,NA,2.29394279932913,3,2477,66987244,NA,NA,NA,70.3386185823747,5,3.5,9.18000030517578,80.444,116
"117","French Polynesia",NA,NA,NA,NA,NA,8.29800033569336,16.5289993286133,75.1719970703125,NA,NA,NA,60.1469993591309,NA,NA,NA,NA,NA,NA,277679,NA,NA,NA,NA,NA,NA,12.0159997940063,61.834,117
"118","Gabon",NA,NA,NA,NA,NA,37.6059989929199,9.94600009918213,52.4469985961914,17017401831.9223,8029.82238356148,NA,54.3219985961914,83.42397,85.85235,84.66716,1.53120762976884,28.8,2161,2119275,NA,NA,NA,NA,7,31,19.488000869751,89.37,118
"119","Gambia, The",81.80852,NA,NA,NA,65020,29.7310009002686,15.8979997634888,54.3709983825684,1624464137.00149,712.452397744265,NA,60.6699981689453,NA,NA,NA,1.07343366703322,35,3383,2280102,NA,36.13813,NA,NA,7,25,8.90499973297119,61.27,119
"120","Georgia",99.21379,0.17788,6.66134336969567,0.7509,2434,42.8969993591309,13.2220001220703,43.8810005187988,16209818081.3701,4344.63095185476,66.6689631499636,73.0749969482422,NA,NA,NA,1.93504651785341,7.7,475,3731000,95.50823,8.98194,7.57537,58.4210744133621,1,2,14.1059999465942,58.632,120
"121","Germany",NA,NA,0.68198464264619,7969.86364,NA,1.26600003242493,27.132999420166,71.6019973754883,3996759291057.81,48195.5799044116,40.1948611931483,78.3600006103516,NA,NA,NA,1.23376875688812,2.8,2385,82927922,NA,NA,NA,61.538747784997,9,8,3.42499995231628,77.312,121
"122","Ghana",85.00771,15.53301,NA,NA,153986,33.8619995117188,18.6180000305176,47.5200004577637,65556464056.4301,2202.31216470307,NA,69.0019989013672,74.47439,83.52458,79.03964,0.413916816864508,31.1,30285,29767108,93.80911,27.24556,16.01642,NA,8,14,6.71000003814697,56.06,122
"123","Gibraltar",NA,NA,NA,NA,NA,NA,NA,NA,NA,NA,NA,NA,NA,NA,NA,NA,NA,NA,33718,NA,NA,NA,NA,NA,NA,NA,100,123
"124","Greece",NA,NA,3.71923520098957,21.909,NA,11.9689998626709,15.3400001525879,72.6910018920898,218031844583.994,20324.2535641478,36.3904688555073,68.4029998779297,NA,NA,NA,2.3852815561237,3.3,299,10727668,NA,NA,NA,68.0590084865172,4,12.5,19.2070007324219,79.058,124
"125","Greenland",NA,NA,NA,NA,NA,NA,NA,NA,NA,NA,NA,NA,NA,NA,NA,NA,NA,NA,56025,NA,NA,NA,NA,NA,NA,NA,86.816,125
"126","Grenada",NA,NA,4.91524978181067,NA,NA,NA,NA,NA,1207454555.55556,10833.6583303924,NA,NA,NA,NA,NA,NA,12.5,25,111454,NA,NA,NA,66.6843070821191,6,15,NA,36.272,126
"127","Guam",NA,NA,NA,NA,NA,0.284000009298325,14.7530002593994,84.9629974365234,NA,NA,NA,71.1920013427734,NA,NA,NA,NA,NA,NA,165768,NA,NA,NA,NA,NA,NA,5.61199998855591,94.78,127
"128","Guatemala",89.21348,32.75571,9.97701877314352,0.107366,246375,29.2549991607666,20.761999130249,49.9830017089844,78460447919.9915,4549.01008110721,27.6848354752307,64.4069976806641,NA,NA,NA,0.352941134242593,19.6,9295,17247807,79.69038,20.26228,10.49312,62.8653172639898,6,15,2.72699999809265,51.054,128
"129","Guinea",NA,NA,17.8058952428077,NA,NA,66.5380020141602,6.88600015640259,26.5769996643066,10989790256.3533,885.251228166811,94.9035131123206,66.2539978027344,NA,NA,NA,2.46740138641465,59.5,28853,12414318,NA,NA,NA,41.7140433610357,6,15,3.60700011253357,36.14,129
"130","Guinea-Bissau",NA,NA,47.4606077236468,NA,NA,68.0260009765625,8.75,23.2240009307861,1458156026.13413,777.969921786711,32.4552944903751,73.7519989013672,NA,NA,NA,NA,48.3,3510,1874309,NA,NA,NA,34.8244695805806,9,8.5,4.05700016021729,43.36,130
"131","Guyana",NA,NA,NA,0.100011077552455,NA,18.4659996032715,25.6630001068115,55.8709983825684,3610435298.87019,4634.68133523087,NA,61.1440010070801,NA,NA,NA,1.69325864572266,21.7,390,779004,NA,NA,NA,NA,7,18,12.1510000228882,26.606,131
"132","Haiti",NA,NA,NA,NA,NA,49.7560005187988,10.3070001602173,39.9379997253418,9658084644.22796,868.284799613704,58.4729399568554,68.7239990234375,NA,NA,NA,0.000840337405567425,44.3,13316,11123176,NA,NA,NA,NA,12,97,13.5260000228882,55.278,132
"133","Honduras",NA,NA,11.786853574627,0.449870108136938,NA,31.9109992980957,20.5020008087158,47.5870018005371,23803230472.6372,2482.73020626573,60.3559049549425,67.3870010375977,87.26556,87.13764,87.20524,1.71258931304159,13.3,3118,9587522,NA,NA,NA,57.1137793132361,11,42,4.07600021362305,57.096,133
"134","Hong Kong SAR, China",96.26568,0.07477,NA,12676.721747,8187,0.206000000238419,11.7550001144409,88.0390014648438,362992536837.405,48717.2912142538,187.954593460061,72.1309967041016,NA,NA,NA,NA,NA,NA,7451000,104.4942,13.34788,11.22247,NA,2,1.5,2.77800011634827,100,134
"135","Hungary",NA,NA,3.59928862329203,NA,NA,4.98799991607666,31.3379993438721,63.673999786377,155703069815.638,15938.8367965554,81.7486629005267,71.5230026245117,NA,NA,NA,1.08207729001535,3.3,327,9768785,NA,NA,NA,54.3982088564328,6,7,3.66300010681152,71.351,135
"136","Iceland",NA,NA,NA,163.646108143,NA,3.72099995613098,17.3099994659424,78.9690017700195,25882218777.4084,73201.7025499851,44.1248431578176,88.3160018920898,NA,NA,NA,NA,1.4,6,353574,NA,NA,NA,NA,5,11.5,2.91799998283386,93.813,136
"137","India",NA,NA,14.464135168588,2703.96417383,NA,43.8600006103516,24.6860008239746,31.4540004730225,2726322616821.31,2015.59048548675,23.4301576733991,54.2470016479492,65.79081,82.36671,74.37299,2.41903434166523,29.9,720530,1352617328,NA,NA,NA,49.0141587366926,10,16.5,2.55100011825562,34.03,137
"138","Indonesia",94.37668,16.33552,12.8078635296076,1131.913455454,1555014,30.5259990692139,21.9990005493164,47.4749984741211,1042173300625.55,3893.59607757239,22.0559700304029,69.2300033569336,93.99218,97.33134,95.65856,0.716442832780161,18.6,102086,267663435,102.3348,17.03493,15.2071,43.4119309991688,11,21,4.30000019073486,55.325,138
"139","Iran, Islamic Rep.",NA,NA,NA,290.737968069473,NA,17.3910007476807,31.9750003814697,50.6339988708496,NA,NA,NA,46.6119995117188,NA,NA,NA,2.66751206072691,11.7,18989,81800269,NA,NA,NA,NA,10,72.5,11.9949998855591,74.898,139
"140","Iraq",NA,NA,3,16.199317,NA,18.8579998016357,23.4939994812012,57.6479988098145,225914183047.981,5878.03856646219,37.603728116457,44.4949989318848,44.014,56.24399,50.14052,2.72652780753896,20.1,24865,38433600,NA,NA,NA,41.2,8,26.5,7.92799997329712,70.473,140
"141","Ireland",NA,NA,0.917601505013472,168.7117,NA,5.02099990844727,18.4729995727539,76.5059967041016,382487490532.479,78806.431996268,89.1849891528727,72.7470016479492,NA,NA,NA,0.330585082043917,2.8,197,4853506,NA,NA,NA,55.8168483789987,3,11,5.69099998474121,63.17,141
"142","Isle of Man",NA,NA,NA,NA,NA,NA,NA,NA,NA,NA,NA,NA,NA,NA,NA,NA,NA,NA,84077,NA,NA,NA,NA,NA,NA,NA,52.588,142
"143","Israel",NA,NA,NA,994.542,NA,0.985000014305115,17.3339996337891,81.6809997558594,369690436162.433,41613.9980821757,NA,72.5550003051758,NA,NA,NA,4.34810126356225,2.8,502,8883800,NA,NA,NA,NA,4,11,3.95000004768372,92.418,143
"144","Italy",NA,NA,1.8821996702868,1418.004731,NA,3.75,25.8080005645752,70.4420013427734,2073901988878.23,34318.3511241724,29.2542237923393,65.2969970703125,98.97192,99.35345,99.15576,1.3327023072539,2.4,1200,60431283,NA,NA,NA,66.1453805859652,7,11,10.2049999237061,70.438,144
"145","Jamaica",81.38229,17.86606,6.65882036982915,4.58628,42794,16.5550003051758,15.6789999008179,67.7669982910156,15717858486.9424,5355.58263932713,NA,72.4359970092773,NA,NA,NA,1.35195613500228,10.9,587,2934855,85.61918,24.79434,16.69828,59.1832775140404,2,3,9.44499969482422,55.674,145
"146","Japan",NA,NA,NA,9420.659,NA,3.40899991989136,24.5009994506836,72.088996887207,4970915556638.88,39286.7376488008,NA,77.9039993286133,NA,NA,NA,0.923839535738282,1.7,1734,126529100,NA,NA,NA,NA,8,11.1,2.4449999332428,91.616,146
"147","Jordan",80.95397,30.79831,5.62929809699775,175.8386,264821,3.46700000762939,24.7649993896484,71.7669982910156,42290832157.969,4247.76872564413,53.898386483548,41.6199989318848,97.83208,98.61421,98.22711,4.68252872600818,12.6,3001,9956011,72.70051,18.53699,12.26127,61.8395688395889,7,12.5,15.0249996185303,90.979,147
"148","Kazakhstan",98.93539,NA,4.17768356082057,50.217906,13169,15.0080003738403,21.3229999542236,63.6689987182617,170538870248.194,9331.04694986684,NA,78.1620025634766,NA,NA,NA,0.953875222320034,7.6,3399,18276499,110.3839,19.63913,6.95898,54.4750945602236,5,5,4.88500022888184,57.428,148
"149","Kenya",NA,NA,34.1946791303039,294.965258350297,NA,57.4539985656738,7.58799982070923,34.9580001831055,87908262520.2133,1710.51009699983,23.0051779768064,66.8509979248047,78.18893,84.98883,81.53497,1.22042498645365,27.4,44952,51393010,NA,NA,NA,42.667459896887,7,23,9.3129997253418,27.03,149
"150","Kiribati",NA,NA,NA,NA,NA,NA,NA,NA,188284518.828452,1625.28610001512,NA,NA,NA,NA,NA,NA,37,133,115847,NA,NA,NA,NA,7,31,NA,54.057,150
"151","Korea, Dem. Peopleâ€™s Rep.",NA,NA,NA,0.251493238,NA,59.9109992980957,17.0289993286133,23.0599994659424,NA,NA,NA,85.9359970092773,NA,NA,NA,NA,12.1,4842,25549819,101.5065,20.30024,NA,NA,NA,NA,3.30299997329712,61.899,151
"152","Korea, Rep.",NA,NA,1.98331463899752,11929.556028,NA,4.73299980163574,24.9549999237061,70.3119964599609,1619423701169.63,31362.75147294,38.9937736107049,69.1859970092773,NA,NA,NA,2.61734363736466,2.5,1044,51635256,NA,NA,NA,53.5638365232093,3,8,3.79500007629395,81.459,152
"153","Kosovo",NA,NA,8.32212759599582,NA,NA,NA,NA,NA,7900268735.55547,4281.29232946159,55.1919916330495,NA,NA,NA,NA,0.795344788911837,NA,NA,1845300,NA,NA,NA,53.3691916928134,3,5.5,NA,NA,153
"154","Kuwait",88.23607,NA,0.482392893118656,392.363053,NA,2.26200008392334,25.3939990997314,72.3440017700195,141677814569.536,34243.9529098591,NA,74.8379974365234,94.90516,96.66646,96.05647,5.05553177566242,6.1,388,4137309,91.81941,8.88073,NA,NA,7,35.4,2.07599997520447,100,154
"155","Kyrgyz Republic",98.66818,3.00715,11.6488154204899,NA,1414,26.5160007476807,22.1580009460449,51.326000213623,8092836608.78875,1281.36366078545,68.3891768514591,65.318000793457,99.49972,99.67701,99.586,1.57377016641031,14.9,2643,6315800,104.5163,24.98946,10.64648,49.7947544960783,4,10,7.17000007629395,36.351,155
"156","Lao PDR",91.46712,25.01831,15.7028046580285,1.53255252911646,65377,68.0289993286133,9.08600044250488,22.8850002288818,18130724396.3364,2567.54321653103,NA,81.4229965209961,NA,NA,NA,NA,33.2,6227,7061507,97.89004,22.33717,18.15412,41.6178448417252,10,174,0.609000027179718,35.004,156
"157","Latvia",NA,NA,3.29800528823252,4.01487,NA,6.79500007629395,23.1550006866455,70.0500030517578,34849078085.6672,18088.9272518674,59.4939537314881,77.2460021972656,NA,NA,NA,1.97955144365229,3.1,68,1926542,NA,NA,NA,63.5452564424253,4,5.5,7.85699987411499,68.142,157
"158","Lebanon",NA,NA,2.91708359365384,56.569,NA,12.0959997177124,22.3169994354248,65.5869979858398,56639155555.5556,8269.78767551923,39.6092335810864,51.4640007019043,93.30501,96.85466,95.06944,4.99389131578459,6.1,741,6848925,NA,NA,NA,74.6946731279911,8,15,6.16699981689453,88.593,158
"159","Lesotho",NA,NA,NA,NA,NA,66.859001159668,10.0170001983643,23.125,2791762880.25884,1324.282767995,NA,68.6689987182617,NA,NA,NA,1.80995298086386,59,3677,2108132,NA,NA,NA,NA,7,29,23.5960006713867,28.153,159
"160","Liberia",NA,NA,37.4483841181902,NA,NA,46.1539993286133,11.2609996795654,42.5849990844727,3.249e+09,674.209484710137,94.767620806402,56.6669998168945,NA,NA,NA,0.765372759861003,48.3,8402,4818977,NA,NA,NA,49.9793382579255,5,18,2.03299999237061,51.151,160
"161","Libya",NA,NA,NA,NA,NA,7.86399984359741,26.6240005493164,65.5120010375977,48319620013.078,7235.02811502498,57.990843947043,54.8709983825684,NA,NA,NA,NA,9.1,1298,6678567,NA,NA,NA,NA,10,35,17.2870006561279,80.102,161
"162","Liechtenstein",NA,NA,NA,NA,NA,NA,NA,NA,NA,NA,NA,NA,NA,NA,NA,NA,NA,NA,37910,NA,NA,NA,NA,10,46,NA,14.338,162
"163","Lithuania",NA,NA,2.69149036924796,NA,NA,7.71000003814697,24.996000289917,67.2939987182617,53251369047.3762,19089.7075056564,79.662615064677,76.1490020751953,NA,NA,NA,1.9578488273958,3,95,2789533,NA,NA,NA,61.0866053612588,4,5.5,6.00699996948242,67.679,163
"164","Luxembourg",NA,NA,0.278953920589505,7323.03958,NA,1.37600004673004,10.5690002441406,88.0540008544922,69487922619.3401,114340.498741773,190.713851980477,69.7220001220703,NA,NA,NA,0.611662609350006,1.8,12,607728,NA,NA,NA,79.2119926302405,5,16.5,5.46999979019165,90.981,164
"165","Macao SAR, China",96.4155,2.48484,NA,31.84376,902,2.07100009918213,17.2830009460449,80.6460037231445,54545184267.5751,86355.407651836,32.9395252500477,78.6179962158203,NA,NA,NA,NA,NA,NA,631636,101.0806,13.49843,9.75724,NA,NA,NA,2.02300000190735,100,165
"166","Madagascar",96.86561,25.13999,NA,16.24747,66840,68.1689987182617,7.39599990844727,24.4360008239746,12100459087.2532,460.752780832755,NA,87.6110000610352,72.38409,77.27514,74.80432,0.602150651051468,34.2,32306,26262368,65.46877,39.81169,19.29784,NA,5,8,1.65900003910065,37.191,166
"167","Malawi",NA,17.32627,NA,0.0108797367,NA,71.9059982299805,8.29899978637695,19.7959995269775,7064971176.34408,389.398033178836,NA,78.4349975585938,NA,NA,NA,0.84612693831809,31.4,21642,18143315,NA,58.67919,72.31002,NA,7,37,5.42999982833862,16.937,167
"168","Malaysia",NA,NA,7.73581976190376,1404.40777752105,NA,11.0939998626709,27.3050003051758,61.601001739502,354348422831.193,11238.9573725301,62.5727178247667,68.379997253418,NA,NA,NA,0.98400150124734,6.1,3501,31528585,NA,NA,11.40208,52.0409947392789,9,13.5,3.35999989509583,76.036,168
"169","Maldives",NA,NA,NA,7.745645613,NA,8.98799991607666,18.5799999237061,72.431999206543,5272288442.84566,10223.6364890278,NA,67.8440017700195,NA,NA,NA,NA,6.6,53,515696,NA,NA,NA,NA,6,12,6.07499980926514,39.808,169
"170","Mali",58.94142,52.77266,38.5264032692822,NA,1343000,65.302001953125,6.51100015640259,28.1870002746582,17196688919.9878,901.403100689224,39.0540201273004,72.9680023193359,25.73516,46.18414,35.47377,2.8650192995004,56.3,48323,19077690,NA,37.82669,NA,37.476478919377,5,11,9.56900024414063,42.356,170
"171","Malta",NA,NA,0.908420764434583,5.14323,NA,1.00499999523163,19.5510005950928,79.4440002441406,14542039605.2294,30074.7411850959,123.209201782334,69.9810028076172,95.98872,93.00997,94.50319,0.487919470212535,5.6,26,483530,NA,NA,NA,75.0472496392874,8,16,4.58300018310547,94.612,171
"172","Marshall Islands",NA,NA,NA,0.133837,NA,NA,NA,NA,211523642.4,3621.17409480766,NA,NA,NA,NA,NA,NA,24,38,58413,NA,NA,NA,NA,5,17,NA,77.031,172
"173","Mauritania",80.30889,37.51446,24.4066103378638,NA,129168,55.3629989624023,11.1099996566772,33.5260009765625,5365868725.27374,1218.59640995207,82.4813763837095,47.4469985961914,NA,NA,NA,3.01925207389013,45.9,7532,4403319,76.05602,34.27814,25.9167,38.1043464723302,4,6,10.3050003051758,53.672,173
"174","Mauritius",94.99232,4.57132,2.77706974691178,233.717,1156,7.0770001411438,27.1350002288818,65.7890014648438,14220348672.7333,11238.6903948961,54.18860698899,65.9459991455078,89.36638,93.35735,91.32539,0.164082476544836,12.1,175,1265303,100.7912,16.19841,10.9886,67.4064725764104,4,5,6.86700010299683,40.793,174
"175","Mexico",NA,NA,3.34300145423902,1090.37819,NA,12.9919996261597,25.9540004730225,61.0540008544922,1223808885585.61,9698.0841865066,41.099597787037,64.7070007324219,94.60805,96.2329,95.37991,0.538883865680492,9.8,24359,126190788,NA,NA,NA,60.2403809074736,8,8.4,3.32200002670288,80.156,175
"176","Micronesia, Fed. Sts.",NA,NA,NA,NA,NA,NA,NA,NA,344501760,3058.43181818182,NA,NA,NA,NA,NA,NA,22.7,65,112640,NA,NA,NA,NA,7,16,NA,22.703,176
"177","Moldova",89.78655,15.00451,10.1602411700013,0.6445,13954,32.1829986572266,16.6259994506836,51.1920013427734,11309082555.1568,3189.35581212262,56.2661272534115,46.9259986877441,NA,NA,NA,0.348808037437052,12,559,3545883,89.38008,17.92314,9.86318,53.2695025758206,3,4,3.41100001335144,42.629,177
"178","Monaco",NA,NA,NA,NA,NA,NA,NA,NA,NA,NA,NA,NA,NA,NA,NA,NA,2.3,1,38682,NA,11.38506,NA,NA,NA,NA,NA,100,178
"179","Mongolia",98.69302,NA,10.9089146773014,7.819001,2151,28.7220001220703,19.0769996643066,52.201000213623,13009574620.6012,4103.69749259392,63.543313210012,62.9710006713867,98.64889,98.18601,98.42312,0.761588208041898,11.1,1074,3170208,101.7796,30.38318,NA,39.9924743592339,8,12,6.32000017166138,68.445,179
"180","Montenegro",NA,NA,NA,0.1345,NA,7.84800004959106,17.0639991760254,75.0879974365234,5452173040.60434,8760.69228579702,67.3814986141183,60.6319999694824,98.27135,99.45047,98.84718,1.54646437082941,2.2,17,622345,NA,NA,NA,NA,8,12,15.4619998931885,66.813,180
"181","Morocco",99.15589,10.72483,12.0036791646174,97.71152,7804,38.0929985046387,21.5960006713867,40.3110008239746,118495328198.08,3237.88336815666,48.8049458330224,48.5519981384277,64.59138,83.30135,73.75001,3.10442662748775,17.1,13134,36029138,93.59746,26.80065,19.42453,50.4826880559319,4,9,9.03999996185303,62.453,181
"182","Mozambique",93.92934,NA,21.4135982314416,4.775,353839,71.6920013427734,7.88199996948242,20.4260005950928,14457964380.8548,490.167582289902,76.5605722434441,78.8079986572266,NA,NA,NA,0.994105197436411,49.9,58835,29495962,51.98764,55.27379,NA,46.6196675036164,10,17,3.17199993133545,35.988,182
"183","Myanmar",NA,NA,24.5558347802899,4.74215983168867,NA,50.1399993896484,15.9949998855591,33.8650016784668,71214803377.8188,1325.95292370622,NA,66.2259979248047,NA,NA,NA,2.92475932439651,32.7,34554,53708395,NA,NA,NA,43.1525508907844,12,14,1.56400001049042,30.579,183
"184","Namibia",NA,NA,7.186571983199,26.293869,NA,19.7140007019043,19.3250007629395,60.9609985351563,14521711630.1744,5931.45388457263,44.9191890343264,62.8919982910156,NA,NA,NA,3.3496331905388,25.9,2020,2448255,NA,NA,NA,57.6890027563233,10,54,23.0949993133545,50.032,184
"185","Nauru",NA,NA,NA,7.939983827,NA,NA,NA,NA,114718022.803078,9030.07106447406,NA,NA,NA,NA,NA,NA,23.5,8,12704,NA,NA,NA,NA,NA,NA,NA,100,185
"186","Nepal",NA,NA,24.9650443370969,4.655766324,NA,70.0999984741211,12.9540004730225,16.9459991455078,28812491891.5812,1025.79835586617,45.5341365107875,85.3430023193359,59.72443,78.59134,67.90843,1.44280062147258,24.3,14981,28087871,NA,NA,NA,50.2678078089055,8,18.5,1.26400005817413,19.74,186
"187","Netherlands",NA,NA,1.63105476597432,5886.51490365179,NA,2.24600005149841,16.318000793457,81.4359970092773,913658465709.125,53024.0592130531,73.3313179310086,79.8570022583008,NA,NA,NA,1.24160710770927,3,568,17231017,NA,NA,NA,69.9362693611045,4,3.5,3.88000011444092,91.49,187
"188","New Caledonia",NA,NA,NA,NA,NA,2.5239999294281,22.0659999847412,75.4100036621094,NA,NA,NA,71.161003112793,NA,NA,NA,NA,NA,NA,284060,NA,NA,NA,NA,NA,NA,13.6190004348755,70.683,188
"189","New Zealand",NA,NA,NA,1349.29523130803,NA,6.16300010681152,20.4440002441406,73.3939971923828,205024937871.546,41966.0091846374,NA,81.0240020751953,NA,NA,NA,1.16138840177402,4.2,282,4885500,NA,NA,NA,NA,1,0.5,4.52199983596802,86.538,189
"190","Nicaragua",NA,NA,15.4567054827054,NA,NA,31.0009994506836,16.7490005493164,52.25,13117859221.6626,2028.89689057351,51.2746956144838,69.5970001220703,NA,NA,NA,0.608427606439331,13.8,2095,6465513,NA,NA,NA,50.161636770457,7,14,4.47900009155273,58.522,190
"191","Niger",NA,NA,NA,NA,NA,75.9049987792969,8.12399959564209,15.9709997177124,9239513529.65905,411.688942542622,NA,80.140998840332,NA,NA,NA,2.45284928450267,43.5,48705,22442948,NA,NA,NA,NA,4,10,0.273000001907349,16.425,191
"192","Nigeria",NA,NA,21.1995501675726,19.4220929293716,NA,36.6160011291504,11.5539999008179,51.8300018310547,397269616080.908,2028.18197017598,NA,55.2169990539551,52.65648,71.25571,62.01601,0.506584947663024,68.5,551684,195874740,NA,NA,NA,52.0066897259217,8,10.9,6.02600002288818,50.344,192
"193","North Macedonia",NA,NA,7.24162057706404,NA,NA,16.1140003204346,30.4529991149902,53.4329986572266,12672131053.1578,6083.71894832148,72.8953760972152,65.3430023193359,NA,NA,NA,0.95217387508273,8.1,196,2082958,NA,NA,NA,55.1483550100862,6,15,21.5520000457764,57.963,193
"194","Northern Mariana Islands",NA,NA,NA,NA,NA,NA,NA,NA,NA,NA,NA,NA,NA,NA,NA,NA,NA,NA,56882,NA,NA,NA,NA,NA,NA,NA,91.618,194
"195","Norway",NA,NA,1.8283397612634,NA,NA,2.04299998283386,19.2409992218018,78.7160034179688,434750937596.065,81807.198038676,32.5466425614575,77.2669982910156,NA,NA,NA,1.60866909235229,1.9,121,5314336,NA,NA,NA,55.5909132563188,4,4,3.91899991035461,82.248,195
"196","Oman",95.46999,2.65377,2.19817704148067,510.425983,8733,4.7350001335144,36.2480010986328,59.0180015563965,79294928478.5436,16418.9269283158,47.9341662047499,73.5350036621094,92.69399,96.98942,95.65153,8.17129950109292,8.8,891,4829483,100.3571,9.67394,10.21867,46.6460469219946,4,4.3,3.11299991607666,84.539,196
"197","Pakistan",68.33648,29.83266,22.5727037098057,217.534134,5974052,41.6710014343262,23.6420001983643,34.6860008239746,312570060548.453,1472.89313366943,19.4398870512693,55.4990005493164,NA,NA,NA,4.025735628755,51.5,338395,212215030,70.91311,44.28277,20.68833,53.4688058732503,10,16.5,3.03800010681152,36.666,197
"198","Palau",NA,NA,NA,NA,NA,NA,NA,NA,310111145,17317.872619646,NA,NA,NA,NA,NA,NA,14.6,4,17907,NA,NA,NA,NA,8,28,NA,79.93,198
"199","Panama",NA,NA,2.18030561785317,47.627413,NA,14.3439998626709,18.5799999237061,67.0759963989258,65055100000,15575.0725482915,NA,71.2890014648438,94.88172,95.96893,95.41181,0,11.7,1038,4176873,NA,NA,NA,65.1284833933081,5,6,3.92199993133545,67.709,199
"200","Papua New Guinea",NA,NA,NA,30.925844284036,NA,67.6549987792969,4.97100019454956,27.3740005493164,23431596214.0081,2722.60467940151,NA,48.4140014648438,NA,NA,NA,0.271533184498923,34.3,8759,8606316,NA,NA,NA,NA,6,41,2.36700010299683,13.169,200
"201","Paraguay",NA,NA,10.5295853521912,1.970266,NA,19.9810009002686,20.0849990844727,59.935001373291,40842341774.2489,5871.46706441738,34.1149316034453,74.0419998168945,93.53171,94.51148,94.0208,0.930582685391207,15.4,2455,6956071,NA,NA,NA,48.3610570812802,7,35,4.71199989318848,61.585,201
"202","Peru",98.50107,1.76867,NA,313.264641181,47585,27.4549999237061,15.6440000534058,56.9010009765625,222237570741.8,6947.2566270938,23.7611684460423,80.2710037231445,91.70311,97.12137,94.40827,1.18714490040018,10,6346,31989256,96.10074,17.38724,14.20042,NA,8,26,2.84400010108948,77.907,202
"203","Philippines",NA,NA,9.28434986142707,835.904513,NA,25.1870002746582,18.3360004425049,56.4770011901855,330910343610.956,3102.71336329931,44.3747490184624,62.0400009155273,NA,NA,NA,1.12932406072171,19.8,49219,106651922,NA,NA,NA,59.9685896762511,14,34,2.51500010490417,46.907,203
"204","Poland",NA,NA,NA,271.488,NA,10.1339998245239,31.5,58.3660011291504,585782872331.589,15424.0460254454,51.8894233132546,70.0110015869141,NA,NA,NA,1.97769196045967,3.4,1417,37978548,NA,NA,NA,NA,5,37,3.67300009727478,60.058,204
"205","Portugal",NA,NA,1.95565143320246,454.209368,NA,6.33900022506714,24.5709991455078,69.0899963378906,237978938135.341,23145.7349562595,43.4351329175685,74.8259963989258,95.07252,97.35362,96.13759,1.77952935913835,2.8,250,10281762,NA,NA,NA,64.9808898518119,6,6.5,6.8600001335144,65.211,205
"206","Puerto Rico",NA,NA,0.783242312685836,NA,NA,1.35300004482269,17.0909996032715,81.5559997558594,101130900000,31651.3481514031,45.9429313889227,49.5859985351563,NA,NA,NA,NA,NA,NA,3195153,NA,NA,NA,49.5523128934875,6,5.5,11.4440002441406,93.578,206
"207","Qatar",98.19449,5.70384,0.174842684507679,12666.7094,2511,1.23500001430511,54.4990005493164,44.265998840332,192009340659.341,69026.4688025751,NA,87.4820022583008,NA,NA,NA,NA,5.4,154,2781677,NA,12.1676,11.04303,42.5773414182575,8,8.7,0.142000004649162,99.135,207
"208","Romania",NA,NA,4.34372194113195,2.71,NA,22.6149997711182,30.0540008544922,47.3310012817383,239552516744.469,12301.1864034302,44.8530544040469,67.1350021362305,98.59977,99.10801,98.8445,1.93420907358469,5.5,1165,19473936,NA,NA,NA,57.1034595531847,6,35,4.29500007629395,53.998,208
"209","Russian Federation",NA,NA,3.14664706134314,6810.61016,NA,5.83599996566772,26.9489994049072,67.2149963378906,1657553765580.67,11288.8724435206,20.769322518279,74.1429977416992,99.73411,99.72516,99.73006,3.92951108949691,5.5,11374,144478050,NA,NA,NA,54.1242492519677,4,10.1,4.74399995803833,74.433,209
"210","Rwanda",95.28152,8.87452,29.038954695323,NA,81300,66.5859985351563,8.81900024414063,24.5949993133545,9509003196.73999,772.967838382225,34.1311515447552,84.3820037841797,69.39454,77.5588,73.21559,1.23181985533241,24.2,10435,12301939,86.54635,59.50859,28.24773,47.7958236658933,5,4,0.971000015735626,17.211,210
"211","Samoa",95.74675,NA,10.7166182709617,NA,387,5.20900011062622,14.66100025177,80.129997253418,861494700.74813,4392.46775479595,45.5364279446751,33.2649993896484,99.24504,98.95609,99.09577,NA,12.2,65,196130,104.7819,NA,NA,NA,4,9,8.32499980926514,18.243,211
"212","San Marino",NA,3.2829,NA,NA,NA,NA,NA,NA,NA,NA,NA,NA,99.90191,99.93208,99.91643,NA,1.6,0,33785,107.4193,6.93061,5.84099,NA,8,12.5,NA,97.226,212
"213","Sao Tome and Principe",NA,NA,11.3535593225932,NA,NA,23.6979999542236,17.7810001373291,58.5219993591309,422296762.322469,2001.14090226164,NA,61.6049995422363,89.51573,96.16268,92.81664,NA,21.5,162,211028,NA,NA,NA,71.7606890701544,6,7,13.3190002441406,72.803,213
"214","Saudi Arabia",NA,NA,2.23043690294798,1085.47,NA,4.87400007247925,24.4309997558594,70.6949996948242,782483466666.667,23219.1304831033,26.8351058663476,58.5209999084473,NA,NA,NA,8.77471912659104,5.7,3620,33699947,NA,13.81495,NA,48.2030376445867,11,17.8,5.91900014877319,83.844,214
"215","Senegal",NA,NA,16.562290035388,0.041650904321273,NA,32.0299987792969,13.6059999465942,54.3629989624023,24129599551.8342,1521.9535542169,36.0852109664223,47.9000015258789,NA,NA,NA,1.85432975233273,28.2,17251,15854360,57.06,36.31817,NA,50.3713442567196,4,6,6.46400022506714,47.192,215
"216","Serbia",98.22264,1.73283,6.20050194076476,17.7117,3815,17.0820007324219,25.19700050354,57.7210006713867,50508366849.6463,7233.99587424704,59.2777465186687,66.0879974365234,97.54816,99.07627,98.2892,1.90613603424839,4.3,403,6982084,98.72127,14.2927,7.946,51.011412637165,5,5.5,13.5100002288818,56.092,216
"217","Seychelles",92.85742,NA,2.02815351465463,7.793,269,NA,NA,NA,1590180446.19384,16433.9352865158,102.082637916792,NA,96.3502,95.41176,95.86771,1.44421969506693,11.4,20,96762,101.8531,14.48826,10.7789,70.4138848843161,9,32,NA,56.691,217
"218","Sierra Leone",NA,49.02927,NA,NA,NA,58.8460006713867,5.71999979019165,35.4339981079102,3999945202.44328,522.858128404118,NA,58.7540016174316,34.85203,51.64688,43.20633,0.797631762968598,72.8,19762,7650154,81.78534,27.52246,NA,NA,5,8,4.31300020217896,42.055,218
"219","Singapore",NA,NA,0.02485878236757,5194.90042,NA,0.465000003576279,16.5939998626709,82.9410018920898,364156657769.87,64581.9440183954,149.815981896454,76.0960006713867,95.91941,98.8509,97.34486,3.14363241619433,2.1,114,5638676,NA,NA,NA,69.3769933088953,2,1.5,3.76799988746643,100,219
"220","Sint Maarten (Dutch part)",NA,NA,NA,NA,NA,NA,NA,NA,NA,NA,NA,NA,NA,NA,NA,NA,NA,NA,40654,NA,NA,NA,NA,NA,NA,NA,100,220
"221","Slovak Republic",NA,NA,3.00768760814364,NA,NA,2.68199992179871,36.9809989929199,60.3370018005371,106472189680.752,19546.9019028513,95.0946160845503,72.4309997558594,NA,NA,NA,1.20523821388528,4.2,263,5447011,NA,NA,NA,55.504363172934,8,26.5,6.75600004196167,53.726,221
"222","Slovenia",NA,NA,1.91698631800348,0.54284,NA,5.51100015640259,33.0519981384277,61.4360008239746,54235484383.0673,26234.0228962506,75.7298595978644,74.2760009765625,NA,NA,NA,0.974192235140298,1.6,35,2067372,NA,NA,NA,56.2712733806088,3,8,5.51000022888184,54.541,222
"223","Solomon Islands",67.47257,NA,NA,3.842515754,4351,61.3520011901855,9.09799957275391,29.5499992370605,1411904531.44787,2162.65180398781,NA,72.2249984741211,NA,NA,NA,NA,15.4,358,652858,86.78567,25.41046,NA,NA,7,9,1.78999996185303,23.749,223
"224","Somalia",NA,NA,NA,NA,NA,72.4440002441406,6.43400001525879,21.1219997406006,4721000393.39885,314.562363459147,99.6004655120255,47.9389991760254,NA,NA,NA,NA,70.5,46967,15008154,NA,NA,NA,NA,9,70,13.956000328064,44.971,224
"225","South Africa",NA,NA,2.17601965079703,716.246207899,NA,5.15700006484985,23.2430000305176,71.5999984741211,368288203086.63,6374.01544590635,29.5632511055317,59.6220016479492,NA,NA,NA,0.981709721430103,26,33653,57779622,NA,NA,NA,61.0427298555017,7,40,26.9580001831055,66.355,225
"226","South Sudan",NA,NA,NA,NA,NA,49.5660018920898,15.4390001296997,34.9949989318848,NA,NA,NA,74.5640029907227,28.86426,40.26481,34.52276,1.32920833296659,58.3,24346,10975920,NA,NA,NA,NA,12,13,12.6960000991821,19.615,226
"227","Spain",NA,NA,2.61742622375539,1117.06976,NA,4.30999994277954,19.8840007781982,75.8059997558594,1426189137596.58,30523.8592390474,32.3245724387709,73.9079971313477,97.97378,98.92539,98.4365,1.27309096099574,2.3,1008,46723749,NA,NA,NA,65.9316630360654,7,12.5,15.4870004653931,80.321,227
"228","Sri Lanka",NA,NA,7.86972616318077,436.198,NA,25.8920001983643,28.3339996337891,45.773998260498,88900770857.6351,4102.48135014467,30.1336493582251,56.8009986877441,NA,NA,NA,1.891496667079,5.8,2148,21670000,NA,NA,NA,56.8280621391449,7,9,4.39900016784668,18.476,228
"229","St. Kitts and Nevis",NA,NA,1.22993338149762,NA,NA,NA,NA,NA,1039875050.37037,19829.4283169728,NA,NA,NA,NA,NA,NA,8.8,7,52441,NA,NA,NA,63.8709545800288,7,18.5,NA,30.776,229
"230","St. Lucia",98.28723,11.8624,2.07174216996606,NA,222,10.0120000839233,22.1560001373291,67.8320007324219,1876189777.77778,10315.0260751215,NA,74.5309982299805,NA,NA,NA,NA,13.3,33,181889,94.89362,14.73909,11.14556,75.0576049283808,5,11,20.8680000305176,18.678,230
"231","St. Martin (French part)",NA,NA,NA,NA,NA,NA,NA,NA,NA,NA,NA,NA,NA,NA,NA,NA,NA,NA,37264,NA,NA,NA,NA,NA,NA,NA,NA,231
"232","St. Vincent and the Grenadines",NA,1.53783,6.71984027765963,NA,NA,13.5249996185303,20.4839992523193,65.9919967651367,813093984.074074,7377.67883199414,NA,74.2799987792969,NA,NA,NA,NA,13.4,23,110210,105.5491,14.39258,13.8727,62.310118751399,7,10,19.7609996795654,52.198,232
"233","Sudan",NA,NA,31.4686606408378,NA,NA,43.1430015563965,15.0010004043579,41.8559989929199,40851536133.7642,977.273635724417,12.3456378998456,48.1319999694824,56.06323,65.43515,60.69718,2.27830187334924,37.3,56022,41801533,NA,NA,NA,49.4979611351111,10,34.5,12.8760004043579,34.642,233
"234","Suriname",86.02531,NA,NA,33.201,8601,7.03999996185303,24.6900005340576,68.2699966430664,3427269681.74204,5950.21394733953,NA,56.7960014343262,92.71206,96.07404,94.38327,NA,14.9,180,575991,85.14813,13.39335,NA,NA,8,66,7.63100004196167,66.06,234
"235","Sweden",NA,NA,1.04654568731024,NA,NA,1.81200003623962,17.9780006408691,80.2099990844727,551031682226.344,54111.9721723671,43.8865869161329,82.9240036010742,NA,NA,NA,1.04291444103842,2,260,10183175,NA,NA,NA,64.7634488991625,4,7.5,6.44399976730347,87.431,235
"236","Switzerland",NA,NA,0.651266348309687,1841.314,NA,3.08100008964539,20.318000793457,76.6009979248047,705501304688.699,82838.9294445761,53.377805015783,83.9960021972656,NA,NA,NA,0.675557385670456,3.4,320,8516543,NA,NA,NA,71.3438637866403,6,10,4.88299989700317,73.797,236
"237","Syrian Arab Republic",NA,NA,NA,0.0256386216924769,NA,14.664999961853,28.9479999542236,56.3870010375977,NA,NA,NA,43.4690017700195,NA,NA,NA,NA,12.5,5994,16906283,NA,NA,NA,NA,7,15.5,8.11999988555908,54.162,237
"238","Tajikistan",NA,NA,NA,2.337,NA,51.0559997558594,16.7199993133545,32.2239990234375,7522947810.12326,826.621530538704,NA,45.8079986572266,NA,NA,NA,NA,26.6,8449,9100837,NA,NA,NA,NA,4,10,10.9219999313354,27.134,238
"239","Tanzania",82.35094,NA,NA,0.392645,1895125,66.3499984741211,7.07299995422363,26.576000213623,57437073927.1796,1050.67525379846,NA,84.4680023193359,NA,NA,NA,1.2118635133876,34.4,76644,56318348,68.70373,50.63304,20.86254,NA,10,27.5,1.932000041008,33.776,239
"240","Thailand",NA,NA,8.11678814043549,2666.263256,NA,30.6700000762939,23.5480003356934,45.7830009460449,504992757704.997,7273.56320732092,56.4883209346758,74.6240005493164,NA,NA,NA,1.32751335607131,6.9,5625,69428524,NA,NA,NA,56.9084989676349,5,6,0.665000021457672,49.949,240
"241","Timor-Leste",95.41421,12.62081,NA,NA,7728,50.0219993591309,9.43599987030029,40.5419998168945,2.581e+09,2035.53390768881,NA,39.8600006103516,64.21094,71.86872,68.06683,0.609203395555699,35.7,1448,1267972,103.8459,26.94886,26.54835,NA,6,13,2.99900007247925,30.578,241
"242","Togo",98.21589,NA,23.5594674104787,10.89276,22328,34.5250015258789,19.4890003204346,45.9850006103516,5300214337.17579,671.840687558773,42.7558697363865,78.8809967041016,NA,NA,NA,1.97291955976058,42.2,12216,7889094,89.67256,40.14504,NA,29.0601625253723,4,5.5,1.66799998283386,41.702,242
"243","Tonga",NA,NA,NA,NA,NA,30.5349998474121,29.7129993438721,39.7529983520508,450353313.884584,4364.01556134949,NA,61.4490013122559,99.47503,99.35098,99.41437,NA,15.2,34,103197,NA,NA,NA,NA,4,16,1.02699995040894,23.131,243
"244","Trinidad and Tobago",NA,NA,0.465783680057497,41.138,NA,3.17700004577637,27.3409996032715,69.4810028076172,23410353434.6523,16843.701611713,NA,68.4649963378906,NA,NA,NA,0.77817269907898,14.7,296,1389858,NA,NA,NA,57.1214511413179,7,10.5,2.82999992370605,53.184,244
"245","Tunisia",NA,NA,NA,13.234265,NA,15.0419998168945,32.8409996032715,52.117000579834,39860715814.4238,3446.60723792022,NA,51.3810005187988,NA,NA,NA,2.08983075733882,13.2,2978,11565204,NA,16.87168,NA,NA,7,9,15.4779996871948,68.945,245
"246","Turkey",NA,NA,5.76467869834483,5949.212205544,NA,19.2000007629395,26.32200050354,54.4780006408691,766509088837.579,9311.36611728167,30.7903030771048,57.6189994812012,NA,NA,NA,2.50435660854,8.5,11942,82319724,NA,NA,NA,54.3129339025228,7,7,10.8950004577637,75.143,246
"247","Turkmenistan",NA,NA,NA,16.916,NA,22.7759990692139,33.7060012817383,43.5180015563965,40761142857.1429,6966.63541063077,12.4971962092749,68.7669982910156,NA,NA,NA,NA,33.9,5476,5850908,NA,NA,NA,NA,NA,NA,3.78299999237061,51.593,247
"248","Turks and Caicos Islands",NA,NA,0.512906035408896,NA,NA,NA,NA,NA,1022312010,27142.2277976902,NA,NA,NA,NA,NA,NA,NA,NA,37665,NA,17.69231,10.06957,74.3879170508816,NA,NA,NA,93.098,248
"249","Tuvalu",NA,22.78876,NA,NA,NA,NA,NA,NA,42587778.4724662,3700.71067713471,NA,NA,NA,NA,NA,NA,18.2,6,11508,78.71486,15.57647,8.64286,NA,NA,NA,NA,62.387,249
"250","Uganda",NA,NA,24.1938062762584,NA,NA,70.7600021362305,7.38899993896484,21.8509998321533,27476945526.013,643.139670191672,28.3170817955889,71.9970016479492,70.83806,82.65601,76.5275,1.42500589769753,30.3,54357,42723139,NA,NA,NA,47.6150999147458,13,24,1.74199998378754,23.774,250
"251","Ukraine",NA,NA,10.1373083362323,75.26435,NA,15.3319997787476,24.2560005187988,60.4119987487793,130832374404.882,3095.17358053586,53.8086877645976,66.4359970092773,NA,NA,NA,3.78280295287034,6.7,3199,44622516,NA,12.98011,7.33711,51.3448708603633,6,6.5,9.38099956512451,69.352,251
"252","United Arab Emirates",NA,NA,0.738821042001956,15962.90443,NA,3.70900011062622,23.4029998779297,72.8880004882813,414178897208.986,43004.9486462341,67.9783731473592,83.8130035400391,NA,NA,NA,NA,5.8,651,9630959,NA,NA,NA,52.4718093555072,2,3.8,2.57500004768372,86.522,252
"253","United Kingdom",NA,NA,0.56820435524176,6198.368,NA,1.14699995517731,18.1070003509521,80.7460021972656,2825207947502.9,42491.3644350973,31.4031006873417,77.5250015258789,NA,NA,NA,1.78220538089607,3.3,2820,66488991,NA,NA,NA,70.5419591977047,4,4.5,3.9539999961853,83.398,253
"254","United States",NA,NA,NA,42985.295216,NA,1.42299997806549,19.4370002746582,79.1399993896484,2.04941e+13,62641.0145699281,NA,72.286003112793,NA,NA,NA,3.16286487973421,5.1,21873,327167434,NA,NA,NA,NA,6,5.6,3.93300008773804,82.256,254
"255","Uruguay",NA,NA,5.64424013478884,NA,NA,8.65100002288818,19.7240009307861,71.625,59596885024.3487,17277.9701105496,18.9879779084104,75.6689987182617,99.00774,98.37136,98.70386,1.95077407735433,5.7,308,3449299,NA,NA,NA,60.7783576797398,5,6.5,7.96099996566772,95.334,255
"256","Uzbekistan",96.84487,3.66859,28.7881217006139,89.43028,17322,33.3629989624023,30.2980003356934,36.3390007019043,50499920318.2926,1532.37163919396,38.7365136994678,69.1579971313477,NA,NA,NA,3.5554825523167,16.3,13319,32955400,103.0236,21.50664,NA,31.6104104152153,3,3,5.22300004959106,50.478,256
"257","Vanuatu",NA,NA,NA,1.663,NA,61.1370010375977,6.52899980545044,32.3339996337891,887817896.301835,3033.40814644607,NA,71.3690032958984,86.70609,88.30635,87.50631,NA,20.5,191,292680,NA,NA,NA,NA,7,18,5.40899991989136,25.274,257
"258","Venezuela, RB",NA,NA,NA,1.55129090921201,NA,7.16499996185303,21.1030006408691,71.7330017089844,NA,NA,NA,66.2620010375977,NA,NA,NA,NA,19.6,11299,28870195,NA,NA,NA,NA,20,230,8.36499977111816,88.208,258
"259","Vietnam",NA,NA,14.5730820211563,481.369978997868,NA,39.7960014343262,25.806999206543,34.3959999084473,244948445308.883,2563.82073058085,92.1334779334041,82.7320022583008,93.59671,96.45678,95.00038,2.29945742821055,14.1,26349,95540395,110.0212,20.27696,NA,41.1704078592776,8,17,1.89100003242493,35.919,259
"260","Virgin Islands (U.S.)",NA,NA,NA,NA,NA,3.75500011444092,23.1079998016357,73.1370010375977,NA,NA,NA,69.4219970703125,NA,NA,NA,NA,NA,NA,106977,NA,NA,NA,NA,NA,NA,8.40999984741211,95.721,260
"261","West Bank and Gaza",97.10722,2.59486,NA,NA,13014,6.66200017929077,31.0890007019043,62.2490005493164,14615900000,3198.86664447405,59.7356303751394,47.5130004882813,95.74195,98.65776,97.21861,NA,15.8,2460,4569087,96.85254,24.45322,17.33404,NA,10,43.5,30.181999206543,76.164,261
"262","Yemen, Rep.",NA,NA,4.02891907115889,3.27,NA,35.5040016174316,10.5970001220703,53.898998260498,26914402223.7828,944.408499373419,NA,39.5190010070801,NA,NA,NA,NA,39.1,36893,28498687,NA,NA,NA,13.5142305434655,6,40.5,12.9340000152588,36.642,262
"263","Zambia",NA,NA,2.57621281328594,75.077397732,NA,53.9160003662109,10.6829996109009,35.4010009765625,26720073435.9014,1539.90015779907,38.2368178369797,75.9100036621094,83.08344,90.60118,86.74796,1.40095005931668,36.6,25069,17351822,NA,NA,NA,54.0886240110621,7,8.5,7.20900011062622,43.521,263
"264","Zimbabwe",NA,NA,12.0819491311957,0.665035317,NA,67.1989974975586,7.21999979019165,25.5809993743896,31000519447.175,2146.99638487707,25.5124757295663,84.4120025634766,NA,NA,NA,2.16960636324343,29.9,15043,14439018,NA,NA,NA,45.6786258168265,9,32,4.91499996185303,32.209,264
